Y,Mode,Travel Time,Cost
-0.693147181,1,-10,6
0,1,-5,6
-1.098612289,1,-15,6
0.693147181,1,-15,16
-1.609437912,1,-15,16
0.336472237,1,-15,1
-0.693147181,1,-10,16
-0.336472237,1,-15,6
1.098612289,1,-15,16
0.336472237,1,-15,6
